{"cameraMode":{"drawMode":0,"name":"Shaded","section":"Shading Mode"},"sceneLighting":false,"audioPlay":false,"sceneViewState":{"showFog":true,"showMaterialUpdate":false,"showSkybox":true,"showFlares":true,"showImageEffects":true,"showParticleSystems":true},"in2DMode":false,"pivot":{"x":593.0651245117188,"y":155.2872772216797,"z":-195.6951446533203},"rotation":{"x":-0.12230510264635086,"y":0.8498854041099548,"z":-0.22591450810432435,"w":-0.46010860800743105},"size":702.7781372070313,"orthographic":false}