{"cameraMode":{"drawMode":0,"name":"Shaded","section":"Shading Mode"},"sceneLighting":false,"audioPlay":false,"sceneViewState":{"showFog":true,"showMaterialUpdate":false,"showSkybox":true,"showFlares":true,"showImageEffects":true,"showParticleSystems":true},"in2DMode":false,"pivot":{"x":1.9359251260757447,"y":1.613141655921936,"z":-4.945875644683838},"rotation":{"x":-0.17012155055999757,"y":-0.8208667635917664,"z":0.44665178656578066,"w":-0.3127146363258362},"size":6.708150386810303,"orthographic":false}