{"cameraMode":{"drawMode":0,"name":"Shaded","section":"Shading Mode"},"sceneLighting":false,"audioPlay":false,"sceneViewState":{"showFog":true,"showMaterialUpdate":false,"showSkybox":true,"showFlares":true,"showImageEffects":true,"showParticleSystems":true},"in2DMode":false,"pivot":{"x":561.1766967773438,"y":-178.90841674804688,"z":569.285400390625},"rotation":{"x":0.10274938493967056,"y":0.37719660997390749,"z":-0.04222177714109421,"w":0.9195343852043152},"size":412.522705078125,"orthographic":false}