{"cameraMode":{"drawMode":0,"name":"Shaded","section":"Shading Mode"},"sceneLighting":false,"audioPlay":false,"sceneViewState":{"showFog":true,"showMaterialUpdate":false,"showSkybox":true,"showFlares":true,"showImageEffects":true,"showParticleSystems":true},"in2DMode":false,"pivot":{"x":29.39666748046875,"y":1.2212276458740235,"z":-38.16691970825195},"rotation":{"x":0.3611973822116852,"y":-0.45764902234077456,"z":0.21066243946552277,"w":0.7846757769584656},"size":19.899063110351564,"orthographic":false}