{"cameraMode":{"drawMode":0,"name":"Shaded","section":"Shading Mode"},"sceneLighting":true,"audioPlay":false,"sceneViewState":{"showFog":true,"showMaterialUpdate":false,"showSkybox":true,"showFlares":true,"showImageEffects":true,"showParticleSystems":true},"in2DMode":false,"pivot":{"x":-15.92228889465332,"y":3.724604606628418,"z":-23.865991592407228},"rotation":{"x":0.026342833414673806,"y":-0.8747038245201111,"z":0.04746786877512932,"w":0.48175954818725588},"size":2.7989633083343508,"orthographic":false}